url,label
https://studentloanhero.com/contact,0
https://roblox.com.ge/communities/620464943/,1
https://pub-06e9bfcde0f04d93be1dedf93164ed44.r2.dev/index.html,1
http://statement2026166.weebly.com/,1
https://essent.nl/account,0
https://47news.ru/signin,0
https://5yb4ye.s3.us-east-1.amazonaws.com/rtyuioselkjhv/m9dhwsjkjvds.html,1
https://youthingstrategies.com/cloud/api/,1
https://gemmineelogiz.webflow.io/,1
https://chyoa.com/search,0
https://xao.us-mia-1.linodeobjects.com/index.html,1
https://sympla.com.br/search,0
https://famousfootwear.com/account,0
https://www.robiox.com.ps/users/3632053799/profile,1
https://roblox.com.ge/users/9384634765/profile,1
https://junocom-105460.weeblysite.com/,1
https://limitmasterdisponivel.s3.us-east-005.backblazeb2.com/aumento.html,1
https://r10.net,0
https://faq-trezor-wallet-web.pages.dev/,1
https://colibriwp.com/contact,0
https://mail.e-docssig.com/declining/00ac6a/864748a9-7053-4c4a-a761-1f8d6f91ad90,1
https://fortnite.gg/home,0
https://confirmationportal.com/92457791-0bce-4181-b8dc-8c4510be8e3e/a/485371b5-6aea-4d76-b712-bc1a54c09ed6/ccp?lid=8e6233b5-51a4-42cf-be74-40c47a5e503f,1
https://onlylinks.cc/bxTO,1
https://submarinecablemap.com/login,0
https://www.robiox.com.py/users/334414059880/profile,1
https://qrco.de/bggIoK,1
https://net-perform.com/signin,0
https://skystone.games/login,0
https://roblox.com.ge/users/3447436863/profile,1
https://metservice.com/account,0
https://s3-deprecated.us-east-1.amazonaws.com/mashdwsa4115.jkdsaksimfssdawerfdd026fgfhgfdhsdhcfgthsdzd/index.html,1
http://seller.ukshopee.com/,1
https://214801771.xyz/login,0
http://fishfiltertest.com/,1
https://roblox.com.ge/users/1097451436/profile,1
https://tusk-casino.org/home,0
https://ipfs.io/ipfs/bafkreife7xpqqvdmdywluhexty6rfe5hozzkpnzhinevxhp46vuubaiisu/,1
https://netflix-clone-coral-ten.vercel.app/,1
https://aapa.org/search,0
https://wifimap.io/search,0
https://jeanpaulgaultier.com/index.html,0
https://www.robiox.com.py/users/221484515844/profile,1
https://sso---ca-netcoins-com-auth.webflow.io/,1
https://blogbright.net,0
https://mawartotobiru.com/about,0
https://kyschools.us/signin,0
https://igodigital.com/search,0
https://gre.ac.uk/login,0
https://shigotech.io/about,0
https://robiox.com.af/users/1097451436/profile,1
https://iuphild-logine.gitbook.io/,1
https://private-networks-zk.com/about,0
https://coeensquarelogin.webflow.io/,1
https://feedroll.com/contact,0
https://intrahealthgroup.com/signin,0
https://dracaroline.com/chvfz2wbz/,1
https://hc360.com/login,0
https://www.roblox.com.gl/games/105685327540656/WAVE-2-Mashle-Academy?privateServerLinkCode=128975860839715243130760843190,1
https://robiox.com.py/users/467865994307/profile,1
https://timedoctor.com/home,0
https://veracross.com/index.html,0
https://www.roblox.com.gl/users/268563580776/profile,1
https://cnu.ac.kr/signin,0
http://evixmail.com/,1
https://butmammakemouregre.feawk.com/ompwxwrv/,1
http://gammojafo-zoibroila-f2d176.pages.dev/account-support.html,1
https://m.zh2dk84mp2vt.com/,1
https://toto12emperor.net,0
https://auth0.com/search,0
https://www.robiox.com.py/users/490850381843/profile,1
https://minimum-thanks-320484.framer.app/,1
https://vivino.com/contact,0
https://roblox.com.ge/games/77182599101794/4nn1s-Place?privateServerLinkCode=26070774210795549455345235377273,1
https://syosetu.com/home,0
https://krebshilfe.de/index.html,0
https://genealogy.com/login,0
https://cityandguilds.com/home,0
https://free-pornhat.cfd/account,0
https://exoduweb.zapier.app/en-us,1
https://www.robiox.com.py/users/236798364382/profile,1
https://www.roblox.com.bn/games/140189381625276/GAMPANG-GUNUNG-LIMASATU?privateServerLinkCode=21720243063459890732838247456781,1
https://scamadviser.com/login,0
https://bafkreid62mwynkxod6z572khttbzs62aljvp6qiac35nllmpzqamslp27u.ipfs.dweb.link/,1
https://hotpepper.jp,0
https://creativeboom.com/account,0
http://seller.shopeemaiil.com/,1
http://www.outlook4-de.weebly.com/,1
https://passfixx.com/home,0
https://forbes.com.mx,0
https://solutyrenting.com/account,0
http://pdi.or.kr/,1
http://wmeta.agency-partner-manage.com/,1
https://airbnb-clone-farukipekcom.vercel.app/experiences.html/,1
https://ash.org.uk,0
https://mrgamal07.github.io/Netmirror_clone/,1
http://garenarecargajogo.shop.abrigoresgaute.com.br/,1
https://caroda.io,0
https://ala.org/index.html,0
https://kbookmarking.com/account,0
https://welt.de/index.html,0
https://pr-optout.com/account,0
https://google.sk/signin,0
https://moon7pulls.shop,0
http://member109.marketing-partner-invite.com/,1
https://islandhosting.com/search,0
https://himeji.lg.jp/account,0
https://toplistar.com/login,0
http://edisjkazndkqwsn.netlify.app/,1
https://seconddimension.028426.com/s/63BZGFSVBWSFCDX7Y9/584dd8/90eab167-7429-489f-99f6-ce86e8d0d81a,1
https://hubermanlab.com/search,0
https://mosumare.tripod.com/,1
https://enterprisedb.com/account,0
https://adidas.mx/login,0
https://aps.org/about,0
https://sheikhrooh.com/dashboard,0
https://ndcdshp.event-zones.com/,1
https://smokinmovies.com/login,0
https://awsdns-14.net/dashboard,0
https://www.robiox.com.py/users/285980257789/profile,1
https://viidoos.com/contact,0
https://bookingexperts.com/about,0
https://netfimarketing.com/e2090a9aew0250499fe963f2709q741ed82d.html,1
https://ascio.com/contact,0
https://152-42-252-251.cprapid.com/ch/update.php?u6wry7e00p6g5tf74gke,1
https://medcom.id,0
https://educacao.mg.gov.br/about,0
https://travelroo.com/account,0
https://harshit002212334555.github.io/Amazon-clone/,1
https://3dns.box,0
https://arab-xnxx.com/contact,0
https://ledger-flaws.vercel.app/,1
https://twistedmatrix.com/dashboard,0
https://owamos.ru/?rid=HKdOY1f,1
https://classdojo.com/dashboard,0
https://hyperwallet.com/account,0
https://ymengsea-dev.github.io/E-commerce-/,1
http://shopeeid567.blogspot.com/,1
https://confirmationportal.com/92457791-0bce-4181-b8dc-8c4510be8e3e/a/d455b43f-b1e9-4170-8cc1-24f517472808/ccp?lid=caf201d2-301b-4ff5-8241-7b5e39cc0bca,1
https://thersa.org/index.html,0
https://shantanu1611.github.io/Netflix-clone/,1
https://1xslots-online.com/about,0
https://accounts.bmwweb.green/en/login,1
https://rusneb.ru/home,0
https://movie-streaming-project-rose.vercel.app/,1
https://codewithmishu.github.io/Netflix-Clone-using-html-and-css-only/,1
https://cordlon.com/,1
https://guv.uxq.mybluehost.me/website_212e9ced/cgd.pt/login.php,1
https://bundespraesident.de/search,0
http://kukoinlogvn.webflow.io/,1
http://www.watsicon.kz/,1
https://paginegialle.it/account,0
https://seller.shopeemaiil.com/seller/,1
https://getpelican.com/contact,0
https://toto12core.com/login,0
https://dw.de/dashboard,0
https://deduce.com/about,0
https://weblogco.com/search,0
https://companypolicy.id/?r=8d0c6864-3544-48d0-ab05-3db5cd44e8c3&rg=eu,1
https://itwilliveyouaconce.bxeqe.com/ompwxwrv/,1
https://jora.com/contact,0
https://expertise.com,0
https://goaheadly.com/jNqHPn16,1
https://drmgms.com/dashboard,0
https://ve.it/index.html,0
https://mohsin226240.github.io/Netflix_home/,1
https://rajabandotsuper77.com/index.html,0
https://sdstate.edu/about,0
https://ldgeer-ledger.webflow.io/,1
https://gemni-loge.godaddysites.com/,1
http://tr.galabetresmigiris.vip/,1
https://eluniversal.com.co,0
https://cittamatra.com,0
https://aseaofblue.com/dashboard,0
https://nmandoqs.buras.biz.id/verify.php/,1
https://helpwithmymortgage.gov,0
https://manmohanbtech2023-ai.github.io/Amazon_clone,1
https://invoiceinquirycarcare.appwrite.network/,1
https://hotbookmarkings.com/dashboard,0
https://hellp-ledgerrliv-app.webflow.io/,1
https://icloud.sa.com/pHo,1
https://www.admin-hostpoint.com/appsuite-test@example.com.html,1
https://med2.ru/home,0
https://billing.sbninterior.com/jjeiJcXM,1
https://eltiempo.es/home,0
https://wishabi.com/dashboard,0
https://flyertalk.com,0
https://32auctions.com/signin,0
http://phishingforfacebook.blogspot.com/,1
https://revistaforum.com.br/signin,0
https://acquia.com/search,0
http://web-bookingcomdubai.webflow.io/,1
https://thewire.in,0
https://iuphild-logine.gitbook.io/ia/,1
https://gmxemailkonto.weebly.com/,1
https://tesheman2020.github.io/apple-homepage-replica/,1
https://gtdtfcd.weebly.com/,1
https://radhasawarkar9.github.io/Netflix_UI_Clone/page.html,1
https://kkuucooinlaogin.webflow.io/,1
https://www.usps-3.today/,1
http://otm-orng.back2buzz.eu/,1
https://roblox.com.ge/users/311493036/profile,1
https://keyfcu.credit/,1
https://cand.com.vn/home,0
http://andrea-lone-zones-possess.trycloudflare.com/,1
https://aestatic.net,0
https://pstu.ru/index.html,0
https://gemmineligin.webflow.io/,1
https://caravanmagazine.in/account,0
https://atharv28112004.github.io/Amazon-Clone/,1
https://cootrasfenor.com/s/index.php,1
https://amazon-clone-alpha-nine.vercel.app/,1
https://awsdns-cn-52.biz/dashboard,0
https://alemdohorizonteconfiante.s3.us-east-005.backblazeb2.com/aumento.html,1
https://vrao-dev.github.io/instagram,1
https://mathway.com/about,0
https://shopier.com/contact,0
https://ca-netcoins-app-com-auth.webflow.io/,1
https://duden.de/dashboard,0
https://adobess.com/contact,0
https://rbc.com/search,0
https://www.robiox.com.py/users/281567794847/profile,1
https://rblx.foo/s/profile182372-com,1
https://rylkngdm.com/signin,0
https://chatgrok6-netizen.github.io/my-projects/,1
https://rblx.foo/s/HRJXC1,1
https://www.easybank-landing-page-git-master-agataliberska.vercel.app/,1
https://notifyhubss.net/da9b9aa45726f04d7ep9a015ba9208d3d87b.html,1
https://netflix-clone-cyan-delta.vercel.app/,1
https://mail.e-docssig.com/support/00ac6a/864748a9-7053-4c4a-a761-1f8d6f91ad90,1
https://164-92-65-182.cprapid.com/ch/update.php?k1qpng7t0rumn1qco4fx,1
https://tv3.lt/dashboard,0
https://sciencesetavenir.fr/index.html,0
https://ascelibrary.org/search,0
https://yesware.com/signin,0
https://treasury-reserves.xyz/sky.treasury-reserves.xyz/rewards-date/,1
https://haberturk.com/dashboard,0
http://kukoincomlogin.webflow.io/,1
https://trackzk.cyou/tr,1
https://netflix-clone-nextjs-rosy.vercel.app/,1
https://mediakix.com/account,0
https://netflix-clone-psi-cyan.vercel.app/,1
http://crlpto-login.webflow.io/,1
https://www.castroecarrasco.com.br/wp-includes/html-api/epywrsx/gon1wfa/enmsczv/pla/portal.php,1
https://navarra.es,0
http://bitmserttlogin.webflow.io/,1
https://helsenorge.no/home,0
https://aim.com/home,0
https://carsales.com.au/index.html,0
https://tiktokght-1330623827.pichk.myqcloud.com/index.html,1
https://pornworks.com/signin,0
https://wotmp.com/dashboard,0
https://www.5mp.eu/fajlok2/exchang/index_www.5mp.eu_.html,1
https://arbetsformedlingen.se/account,0
https://roblox.com.ge/users/679713559/profile,1
https://getsling.com/contact,0
https://netflix-kh-one.vercel.app/movie,1
https://10jqka.com.cn,0
https://www.solicitudbeneficiodigital.actionevictionservice.com/,1
https://hearstapps.com/index.html,0
https://madurird.com/index.html,0
http://www.gemni-loge.godaddysites.com/,1
http://crmcupoflb.firebaseapp.com/,1
http://kucoinneilginus.webflow.io/,1
https://shivani-r-j.github.io/Netflix-UI-Clone/,1
https://accoun.xckypfx.cn/apcoun,1
https://blogsvirals.com/login,0
https://checkbookmarks.com/search,0
https://firstmonday.org,0
https://kocuinloguin.webflow.io/,1
https://webershandwick.com,0
https://seuproximoniveldisponivell.s3.us-east-005.backblazeb2.com/aumento.html,1
https://apa.az/about,0
https://pub-474d02dddcc94bebab789f8789066d06.r2.dev/savedozxxxc.html?email=3mail@b.c/,1
https://breathtaking-intend-971835.framer.app/,1
https://www.robiox.com.py/users/411804676273/profile,1
https://amazonwebservices.security-unauthorised-request.com/login/Mgk-WCxcfmgseLHDblkV8Onp_5Wk9ykC3UkY=2Aw==0UV1RSl9eb1xfV1le/U5vi3iQc2ZYY-EdD-wtEnZbBycRD5f72/,1
http://kucoinnlogina.webflow.io/,1
http://www.statement2026166.weebly.com/,1
https://faro-cloud.com/account,0
https://hslu.ch/search,0
https://itrusscpietal-login.webflow.io/,1
https://moon33ands.shop/login,0
https://dcucredit.group/,1
https://palantir.com/home,0
https://canadiangeographic.ca/dashboard,0
https://daveramsey.com/login,0
http://roblox.com.kz/users/232601327/profile,1
https://ultralimiite.s3.us-east-005.backblazeb2.com/aumento.html,1
https://zee7bests.de/signin,0
https://u.to/qfJ2Ig,1
https://images.google.co.zw/search,0
https://alonethantobewith.pcjey.com/ompwxwrv/,1
https://moon33movements.shop/account,0
https://registradores.org/dashboard,0
https://roblox.com.ge/users/2649718380/profile,1
https://lowell.edu/home,0
http://www.netflix-clone-cyan-delta.vercel.app/,1
https://greatist.com/signin,0
https://whathifi.com/home,0
https://itgovernance.co.uk,0
https://mail.e-docssig.com/u/amo3z6ccodm9/login.srf/00ac6a/864748a9-7053-4c4a-a761-1f8d6f91ad90,1
https://wonderlandmagazine.com/index.html,0
https://mail.e-docssig.com/u/sign/login.srf/00ac6a/864748a9-7053-4c4a-a761-1f8d6f91ad90,1
https://iol.it/index.html,0
https://mod.gov.eg/login,0
https://userstyles.world/dashboard,0
https://passwordstore.org/home,0
https://spotfyyyyy.netlify.app/,1
https://roblox.com.py/games/4996049426/All-Star-Tower-Defense?privateServerLinkCode=20649865070865679760793734839372,1
http://pub-502b05dd72194beeb3dbb59e5ca29d96.r2.dev/index.html,1
https://kidoodle.tv/search,0
http://www.sistematpv.com/vee/qbooks-panel/,1
https://liberdadeexpansao.s3.us-east-005.backblazeb2.com/aumento.html,1
https://ibytedapm.com/account,0
https://becomeslearnedbarn.qgvvw.com/ompwxwrv/,1
https://swisspas.duckdns.org/PRODUCTION2/index.php/,1
https://moon7ands.shop/contact,0
https://dhresource.com/login,0
https://kcefk4ep.top/usamp/?vs=BhFpG5G&nm=109497&pt=19&ic=0&uls=[%22https://zerosteam.com/1/?vs=BhFpG5G&nm=109498&pt=2&ic=0%22]/,1
https://mapfre.es/dashboard,0
https://ninetheme.com/search,0
https://yash880888.github.io/NETFLIX/,1
https://cutt.cx/lqep,1
http://coinsqoareloggin.webflow.io/,1
https://aumentoultrasiim.s3.us-east-005.backblazeb2.com/aumento.html,1
https://computerbase.de/login,0
https://www.tksheps.top/,1
https://simplesvg.com/account,0
http://site-vjg3de6vm.godaddysites.com/,1
https://s-bol.com/about,0
https://maharlpg.com/htaccess/?mxid=bmFsaXNoYWhpQGNoY2FnZW50cy5jb20=,1
https://qqtxc.com/dashboard,0
https://zoo.org.au/search,0
https://www.netflixclone-kappa-ten.vercel.app/,1
https://dnappltryy-idxx.w-fhit.biz.id/,1
https://mgamt.com/landing/form/96d119d9-3ac3-46b2-b6c5-d60b892a19a3,1
https://archives-ouvertes.fr/search,0
https://ce.cn/index.html,0
https://superawesome.tv/search,0
https://forsale.dynadot.com/bctimes.com?drefid=2071,1
https://igrsup.gov.in/account,0
https://digflowpedag.com/,1
https://netperf.org/search,0
https://flalottery.com,0
https://roblox.com.ge/users/7707791973/profile,1
https://no-protect.com/index.html,0
https://toolstation.com/about,0
https://orlando.gov/login,0
https://roblox.com.py/games/85811969623710/Sword-Fighting-773855?privateServerLinkCode=12526670538663419359322718502527,1
https://netfimarketing.com/x4c4ee70f04952420eu89808d67q6fccb45f.html,1
https://ecommercebytes.com/about,0
https://ntu.edu.tw/contact,0
https://usa61movies.shop/index.html,0
http://www.is.gd/GXyPpn/,1
http://rblx.foo/s/roblox-profile,1
https://portailemploye.028426.com/6aad2d/86693de1-d890-4c9e-b180-e79cd3616b0b,1
https://lesscss.org/index.html,0
https://punjabpolice.gov.pk/signin,0
https://hemmenwellness.com/wp-content/uploads/gawudkx/jrqwgif/ltb1rcx/new/ltd/index.php?uid=3mail@a.b.c0,1
https://idp.com,0
http://oli8g3k7.top/usamp/?vs=BhFpG5G&nm=109505&pt=19&ic=0&uls=[%22https://trymemart.com/1/?vs=BhFpG5G&nm=109506&pt=2&ic=0%22],1
https://climeworks.com/signin,0
https://infobuspar.com/dashboard,0
https://rupagithu11.github.io/Netflix-clone/,1
https://kucoinlogfhn.webflow.io/,1
https://aappublications.org/home,0
https://surfside.io/account,0
https://onelink.to/about,0
https://notifyhubss.net/1a60fd472586094aa4g94c3634103173b2d2.html,1
https://t.me,0
https://pwa-core.att.dev.cloud.synchronoss.net/public/error?xErrorCode=3010,1
https://kukonflgi.webflow.io/,1
https://iranintl.com/search,0
https://common-att-dev.cloud.synchronoss.net/sm/callback,1
http://bourm435.github.io/hdssfrs/,1
https://paypal-corp.com/dashboard,0
https://footprint.net/login,0
https://iconeflow-meupedagiodigital.myshopify.com/,1
http://sellerjobswfh.com/,1
http://ebenefitsatt.com/,1
https://bergfex.com/home,0
https://mail.e-docssig.com/how-to-sign/login.srf/00ac6a/864748a9-7053-4c4a-a761-1f8d6f91ad90,1
https://locanto.com.mx/about,0
https://robiox.com.py/users/227433350719/profile,1
https://abtasty.com/search,0
https://autismspeaks.ca/dashboard,0
https://dfcj22.github.io/netflix_teste,1
https://seller.ukshopee.com/seller/,1
https://gfi.com/index.html,0
https://supermarketnews.com/search,0
https://us-myledger-live.square.site/,1
https://confirmationportal.com/92457791-0bce-4181-b8dc-8c4510be8e3e/a/8a20fdcd-55be-40fb-8831-2bcef1873d6d/ccp?lid=da47b053-9cf7-4e49-9aa1-73e9e777421d,1
https://verisign.com/dashboard,0
https://roblox.com.ge/users/290749354/profile,1
https://instalanding.vercel.app/,1
https://kcefk4ep.top/usamp/?vs=GLA3NfwAr&nm=107953&pt=19&ic=0&uls=[%22https://trymemart.com/1/?vs=GLA3NfwAr&nm=107956&pt=2&ic=0%22]/,1
https://hyperpure.com/signin,0
https://uada.edu/about,0
https://verifiedmeme.pages.dev/wallet/assets/unpkg.com/f..@1.5.3/dist/index-2.html/,1
https://limiteaindamais.s3.us-east-005.backblazeb2.com/aumento.html,1
https://www.roblox.com.gl/users/417088548378/profile,1
https://autocar.co.uk/signin,0
https://bookboon.com/search,0
https://greenparty.org.uk/about,0
https://sumatriptan234.com/index.html,0
https://nthu.edu.tw/home,0
https://login.onemilliondrive.com/landing/form/4675dcac-4dce-48d3-928d-0c4701859be9,1
https://wide.ad.jp/signin,0
https://nycballet.com/contact,0
https://ind.br/home,0
https://samsungmilkradio.com/account,0
https://roblox.com.ge/games/17812058042/Very-dirty-game?privateServerLinkCode=13790364250838546349208960326025,1
https://cofensetraining.com/s/63bzgfsvbwsfcdx7y9/584dd8/90eab167-7429-489f-99f6-ce86e8d0d81a,1
https://goo.su/zqG9VUL,1
https://sarkariresult.com.im/login,0
https://kucoinennluginn.webflow.io/,1
https://macromedia.com,0
https://welcome-ndaxx-webs-app.typedream.app/,1
https://netcoins-login-sso-ca-eng.webflow.io/,1
